dataset,file,orig_path,proc_path,pesq_wb,lag_samples_16k,status,error
stft_invert_enc,1,../dataset/test_sounds/test_sound1.wav,../transforms/stft/assets/encrypted/invert/test_sound1_invert_enc.wav,1.0558751821517944,472,ok,
stft_invert_enc,2,../dataset/test_sounds/test_sound2.wav,../transforms/stft/assets/encrypted/invert/test_sound2_invert_enc.wav,1.0355043411254883,-320,ok,
stft_invert_enc,3,../dataset/test_sounds/test_sound3.wav,../transforms/stft/assets/encrypted/invert/test_sound3_invert_enc.wav,1.0380038022994995,-256,ok,
stft_invert_enc,4,../dataset/test_sounds/test_sound4.wav,../transforms/stft/assets/encrypted/invert/test_sound4_invert_enc.wav,1.0322216749191284,212,ok,
stft_invert_enc,5,../dataset/test_sounds/test_sound5.wav,../transforms/stft/assets/encrypted/invert/test_sound5_invert_enc.wav,1.0389846563339233,688,ok,
stft_invert_enc,6,../dataset/test_sounds/test_sound6.wav,../transforms/stft/assets/encrypted/invert/test_sound6_invert_enc.wav,1.0631465911865234,540,ok,
stft_invert_enc,7,../dataset/test_sounds/test_sound7.wav,../transforms/stft/assets/encrypted/invert/test_sound7_invert_enc.wav,1.0308643579483032,-220,ok,
stft_invert_enc,8,../dataset/test_sounds/test_sound8.wav,../transforms/stft/assets/encrypted/invert/test_sound8_invert_enc.wav,1.041314721107483,-68,ok,
stft_invert_enc,9,../dataset/test_sounds/test_sound9.wav,../transforms/stft/assets/encrypted/invert/test_sound9_invert_enc.wav,1.0363410711288452,-172,ok,
stft_invert_enc,10,../dataset/test_sounds/test_sound10.wav,../transforms/stft/assets/encrypted/invert/test_sound10_invert_enc.wav,1.0307565927505493,296,ok,
stft_invert_enc,11,../dataset/test_sounds/test_sound11.wav,../transforms/stft/assets/encrypted/invert/test_sound11_invert_enc.wav,1.0493319034576416,752,ok,
stft_invert_enc,12,../dataset/test_sounds/test_sound12.wav,../transforms/stft/assets/encrypted/invert/test_sound12_invert_enc.wav,1.0450012683868408,-164,ok,
stft_invert_enc,13,../dataset/test_sounds/test_sound13.wav,../transforms/stft/assets/encrypted/invert/test_sound13_invert_enc.wav,1.0322515964508057,120,ok,
stft_invert_enc,14,../dataset/test_sounds/test_sound14.wav,../transforms/stft/assets/encrypted/invert/test_sound14_invert_enc.wav,1.0363099575042725,732,ok,
stft_invert_enc,15,../dataset/test_sounds/test_sound15.wav,../transforms/stft/assets/encrypted/invert/test_sound15_invert_enc.wav,1.028570532798767,-184,ok,
stft_invert_enc,16,../dataset/test_sounds/test_sound16.wav,../transforms/stft/assets/encrypted/invert/test_sound16_invert_enc.wav,1.0310686826705933,212,ok,
stft_invert_enc,17,../dataset/test_sounds/test_sound17.wav,../transforms/stft/assets/encrypted/invert/test_sound17_invert_enc.wav,1.0307053327560425,72,ok,
stft_invert_enc,18,../dataset/test_sounds/test_sound18.wav,../transforms/stft/assets/encrypted/invert/test_sound18_invert_enc.wav,1.050065517425537,392,ok,
stft_invert_enc,19,../dataset/test_sounds/test_sound19.wav,../transforms/stft/assets/encrypted/invert/test_sound19_invert_enc.wav,1.0393871068954468,-864,ok,
stft_invert_enc,20,../dataset/test_sounds/test_sound20.wav,../transforms/stft/assets/encrypted/invert/test_sound20_invert_enc.wav,1.0462524890899658,-712,ok,
stft_invert_enc,21,../dataset/test_sounds/test_sound21.wav,../transforms/stft/assets/encrypted/invert/test_sound21_invert_enc.wav,1.034683108329773,-344,ok,
stft_invert_enc,22,../dataset/test_sounds/test_sound22.wav,../transforms/stft/assets/encrypted/invert/test_sound22_invert_enc.wav,1.02949857711792,528,ok,
stft_invert_enc,23,../dataset/test_sounds/test_sound23.wav,../transforms/stft/assets/encrypted/invert/test_sound23_invert_enc.wav,1.0406670570373535,-448,ok,
stft_shuffle_enc,1,../dataset/test_sounds/test_sound1.wav,../transforms/stft/assets/encrypted/shuffle/test_sound1_shuffle_enc.wav,1.4763227701187134,623,ok,
stft_shuffle_enc,2,../dataset/test_sounds/test_sound2.wav,../transforms/stft/assets/encrypted/shuffle/test_sound2_shuffle_enc.wav,1.5856680870056152,482,ok,
stft_shuffle_enc,3,../dataset/test_sounds/test_sound3.wav,../transforms/stft/assets/encrypted/shuffle/test_sound3_shuffle_enc.wav,1.0793824195861816,-1,ok,
stft_shuffle_enc,4,../dataset/test_sounds/test_sound4.wav,../transforms/stft/assets/encrypted/shuffle/test_sound4_shuffle_enc.wav,1.497446060180664,200,ok,
stft_shuffle_enc,5,../dataset/test_sounds/test_sound5.wav,../transforms/stft/assets/encrypted/shuffle/test_sound5_shuffle_enc.wav,1.4467720985412598,11,ok,
stft_shuffle_enc,6,../dataset/test_sounds/test_sound6.wav,../transforms/stft/assets/encrypted/shuffle/test_sound6_shuffle_enc.wav,1.5933986902236938,1070,ok,
stft_shuffle_enc,7,../dataset/test_sounds/test_sound7.wav,../transforms/stft/assets/encrypted/shuffle/test_sound7_shuffle_enc.wav,1.0789647102355957,-223,ok,
stft_shuffle_enc,8,../dataset/test_sounds/test_sound8.wav,../transforms/stft/assets/encrypted/shuffle/test_sound8_shuffle_enc.wav,1.6263083219528198,1236,ok,
stft_shuffle_enc,9,../dataset/test_sounds/test_sound9.wav,../transforms/stft/assets/encrypted/shuffle/test_sound9_shuffle_enc.wav,1.579460859298706,250,ok,
stft_shuffle_enc,10,../dataset/test_sounds/test_sound10.wav,../transforms/stft/assets/encrypted/shuffle/test_sound10_shuffle_enc.wav,1.4938921928405762,226,ok,
stft_shuffle_enc,11,../dataset/test_sounds/test_sound11.wav,../transforms/stft/assets/encrypted/shuffle/test_sound11_shuffle_enc.wav,1.530252456665039,998,ok,
stft_shuffle_enc,12,../dataset/test_sounds/test_sound12.wav,../transforms/stft/assets/encrypted/shuffle/test_sound12_shuffle_enc.wav,1.430375576019287,228,ok,
stft_shuffle_enc,13,../dataset/test_sounds/test_sound13.wav,../transforms/stft/assets/encrypted/shuffle/test_sound13_shuffle_enc.wav,1.0281651020050049,-109,ok,
stft_shuffle_enc,14,../dataset/test_sounds/test_sound14.wav,../transforms/stft/assets/encrypted/shuffle/test_sound14_shuffle_enc.wav,1.214733600616455,-792,ok,
stft_shuffle_enc,15,../dataset/test_sounds/test_sound15.wav,../transforms/stft/assets/encrypted/shuffle/test_sound15_shuffle_enc.wav,1.0360805988311768,-1063,ok,
stft_shuffle_enc,16,../dataset/test_sounds/test_sound16.wav,../transforms/stft/assets/encrypted/shuffle/test_sound16_shuffle_enc.wav,1.097580909729004,819,ok,
stft_shuffle_enc,17,../dataset/test_sounds/test_sound17.wav,../transforms/stft/assets/encrypted/shuffle/test_sound17_shuffle_enc.wav,1.0529131889343262,-959,ok,
stft_shuffle_enc,18,../dataset/test_sounds/test_sound18.wav,../transforms/stft/assets/encrypted/shuffle/test_sound18_shuffle_enc.wav,1.0457346439361572,-848,ok,
stft_shuffle_enc,19,../dataset/test_sounds/test_sound19.wav,../transforms/stft/assets/encrypted/shuffle/test_sound19_shuffle_enc.wav,1.0379225015640259,-419,ok,
stft_shuffle_enc,20,../dataset/test_sounds/test_sound20.wav,../transforms/stft/assets/encrypted/shuffle/test_sound20_shuffle_enc.wav,1.0324506759643555,129,ok,
stft_shuffle_enc,21,../dataset/test_sounds/test_sound21.wav,../transforms/stft/assets/encrypted/shuffle/test_sound21_shuffle_enc.wav,1.1851825714111328,275,ok,
stft_shuffle_enc,22,../dataset/test_sounds/test_sound22.wav,../transforms/stft/assets/encrypted/shuffle/test_sound22_shuffle_enc.wav,1.054748773574829,253,ok,
stft_shuffle_enc,23,../dataset/test_sounds/test_sound23.wav,../transforms/stft/assets/encrypted/shuffle/test_sound23_shuffle_enc.wav,1.2082390785217285,1105,ok,
stft_invert_dec,1,../dataset/test_sounds/test_sound1.wav,../transforms/stft/assets/decrypted/invert/test_sound1_invert_dec.wav,4.642862319946289,0,ok,
stft_invert_dec,2,../dataset/test_sounds/test_sound2.wav,../transforms/stft/assets/decrypted/invert/test_sound2_invert_dec.wav,4.641692638397217,0,ok,
stft_invert_dec,3,../dataset/test_sounds/test_sound3.wav,../transforms/stft/assets/decrypted/invert/test_sound3_invert_dec.wav,4.641731262207031,0,ok,
stft_invert_dec,4,../dataset/test_sounds/test_sound4.wav,../transforms/stft/assets/decrypted/invert/test_sound4_invert_dec.wav,4.642540454864502,0,ok,
stft_invert_dec,5,../dataset/test_sounds/test_sound5.wav,../transforms/stft/assets/decrypted/invert/test_sound5_invert_dec.wav,4.642677307128906,0,ok,
stft_invert_dec,6,../dataset/test_sounds/test_sound6.wav,../transforms/stft/assets/decrypted/invert/test_sound6_invert_dec.wav,4.642454147338867,0,ok,
stft_invert_dec,7,../dataset/test_sounds/test_sound7.wav,../transforms/stft/assets/decrypted/invert/test_sound7_invert_dec.wav,4.64230489730835,0,ok,
stft_invert_dec,8,../dataset/test_sounds/test_sound8.wav,../transforms/stft/assets/decrypted/invert/test_sound8_invert_dec.wav,4.642350673675537,0,ok,
stft_invert_dec,9,../dataset/test_sounds/test_sound9.wav,../transforms/stft/assets/decrypted/invert/test_sound9_invert_dec.wav,4.640902996063232,0,ok,
stft_invert_dec,10,../dataset/test_sounds/test_sound10.wav,../transforms/stft/assets/decrypted/invert/test_sound10_invert_dec.wav,4.6427788734436035,0,ok,
stft_invert_dec,11,../dataset/test_sounds/test_sound11.wav,../transforms/stft/assets/decrypted/invert/test_sound11_invert_dec.wav,4.642465591430664,0,ok,
stft_invert_dec,12,../dataset/test_sounds/test_sound12.wav,../transforms/stft/assets/decrypted/invert/test_sound12_invert_dec.wav,4.640537738800049,0,ok,
stft_invert_dec,13,../dataset/test_sounds/test_sound13.wav,../transforms/stft/assets/decrypted/invert/test_sound13_invert_dec.wav,4.641708850860596,0,ok,
stft_invert_dec,14,../dataset/test_sounds/test_sound14.wav,../transforms/stft/assets/decrypted/invert/test_sound14_invert_dec.wav,4.641922473907471,0,ok,
stft_invert_dec,15,../dataset/test_sounds/test_sound15.wav,../transforms/stft/assets/decrypted/invert/test_sound15_invert_dec.wav,4.642920017242432,0,ok,
stft_invert_dec,16,../dataset/test_sounds/test_sound16.wav,../transforms/stft/assets/decrypted/invert/test_sound16_invert_dec.wav,4.642662525177002,0,ok,
stft_invert_dec,17,../dataset/test_sounds/test_sound17.wav,../transforms/stft/assets/decrypted/invert/test_sound17_invert_dec.wav,4.643057823181152,0,ok,
stft_invert_dec,18,../dataset/test_sounds/test_sound18.wav,../transforms/stft/assets/decrypted/invert/test_sound18_invert_dec.wav,4.642282009124756,0,ok,
stft_invert_dec,19,../dataset/test_sounds/test_sound19.wav,../transforms/stft/assets/decrypted/invert/test_sound19_invert_dec.wav,4.641822338104248,0,ok,
stft_invert_dec,20,../dataset/test_sounds/test_sound20.wav,../transforms/stft/assets/decrypted/invert/test_sound20_invert_dec.wav,4.641926288604736,0,ok,
stft_invert_dec,21,../dataset/test_sounds/test_sound21.wav,../transforms/stft/assets/decrypted/invert/test_sound21_invert_dec.wav,4.639790058135986,0,ok,
stft_invert_dec,22,../dataset/test_sounds/test_sound22.wav,../transforms/stft/assets/decrypted/invert/test_sound22_invert_dec.wav,4.639914512634277,0,ok,
stft_invert_dec,23,../dataset/test_sounds/test_sound23.wav,../transforms/stft/assets/decrypted/invert/test_sound23_invert_dec.wav,4.641329288482666,0,ok,
stft_shuffle_dec,1,../dataset/test_sounds/test_sound1.wav,../transforms/stft/assets/decrypted/shuffle/test_sound1_shuffle_dec.wav,4.642862319946289,0,ok,
stft_shuffle_dec,2,../dataset/test_sounds/test_sound2.wav,../transforms/stft/assets/decrypted/shuffle/test_sound2_shuffle_dec.wav,4.641692638397217,0,ok,
stft_shuffle_dec,3,../dataset/test_sounds/test_sound3.wav,../transforms/stft/assets/decrypted/shuffle/test_sound3_shuffle_dec.wav,4.641731262207031,0,ok,
stft_shuffle_dec,4,../dataset/test_sounds/test_sound4.wav,../transforms/stft/assets/decrypted/shuffle/test_sound4_shuffle_dec.wav,4.642540454864502,0,ok,
stft_shuffle_dec,5,../dataset/test_sounds/test_sound5.wav,../transforms/stft/assets/decrypted/shuffle/test_sound5_shuffle_dec.wav,4.642677307128906,0,ok,
stft_shuffle_dec,6,../dataset/test_sounds/test_sound6.wav,../transforms/stft/assets/decrypted/shuffle/test_sound6_shuffle_dec.wav,4.642454147338867,0,ok,
stft_shuffle_dec,7,../dataset/test_sounds/test_sound7.wav,../transforms/stft/assets/decrypted/shuffle/test_sound7_shuffle_dec.wav,4.64230489730835,0,ok,
stft_shuffle_dec,8,../dataset/test_sounds/test_sound8.wav,../transforms/stft/assets/decrypted/shuffle/test_sound8_shuffle_dec.wav,4.642350673675537,0,ok,
stft_shuffle_dec,9,../dataset/test_sounds/test_sound9.wav,../transforms/stft/assets/decrypted/shuffle/test_sound9_shuffle_dec.wav,4.640902996063232,0,ok,
stft_shuffle_dec,10,../dataset/test_sounds/test_sound10.wav,../transforms/stft/assets/decrypted/shuffle/test_sound10_shuffle_dec.wav,4.6427788734436035,0,ok,
stft_shuffle_dec,11,../dataset/test_sounds/test_sound11.wav,../transforms/stft/assets/decrypted/shuffle/test_sound11_shuffle_dec.wav,4.642465591430664,0,ok,
stft_shuffle_dec,12,../dataset/test_sounds/test_sound12.wav,../transforms/stft/assets/decrypted/shuffle/test_sound12_shuffle_dec.wav,4.640537738800049,0,ok,
stft_shuffle_dec,13,../dataset/test_sounds/test_sound13.wav,../transforms/stft/assets/decrypted/shuffle/test_sound13_shuffle_dec.wav,4.641708850860596,0,ok,
stft_shuffle_dec,14,../dataset/test_sounds/test_sound14.wav,../transforms/stft/assets/decrypted/shuffle/test_sound14_shuffle_dec.wav,4.641922473907471,0,ok,
stft_shuffle_dec,15,../dataset/test_sounds/test_sound15.wav,../transforms/stft/assets/decrypted/shuffle/test_sound15_shuffle_dec.wav,4.642920017242432,0,ok,
stft_shuffle_dec,16,../dataset/test_sounds/test_sound16.wav,../transforms/stft/assets/decrypted/shuffle/test_sound16_shuffle_dec.wav,4.642662525177002,0,ok,
stft_shuffle_dec,17,../dataset/test_sounds/test_sound17.wav,../transforms/stft/assets/decrypted/shuffle/test_sound17_shuffle_dec.wav,4.643057823181152,0,ok,
stft_shuffle_dec,18,../dataset/test_sounds/test_sound18.wav,../transforms/stft/assets/decrypted/shuffle/test_sound18_shuffle_dec.wav,4.642282009124756,0,ok,
stft_shuffle_dec,19,../dataset/test_sounds/test_sound19.wav,../transforms/stft/assets/decrypted/shuffle/test_sound19_shuffle_dec.wav,4.641822338104248,0,ok,
stft_shuffle_dec,20,../dataset/test_sounds/test_sound20.wav,../transforms/stft/assets/decrypted/shuffle/test_sound20_shuffle_dec.wav,4.641926288604736,0,ok,
stft_shuffle_dec,21,../dataset/test_sounds/test_sound21.wav,../transforms/stft/assets/decrypted/shuffle/test_sound21_shuffle_dec.wav,4.639790058135986,0,ok,
stft_shuffle_dec,22,../dataset/test_sounds/test_sound22.wav,../transforms/stft/assets/decrypted/shuffle/test_sound22_shuffle_dec.wav,4.639914512634277,0,ok,
stft_shuffle_dec,23,../dataset/test_sounds/test_sound23.wav,../transforms/stft/assets/decrypted/shuffle/test_sound23_shuffle_dec.wav,4.641329288482666,0,ok,
